class_0,class_1
0.610222890103155,0.38977710989684505
0.6246830919801021,0.375316908019898
